{
    "name": " Curtain switch NAS-SC03ZE-T-V3", 
    "type": "Volets", 
    "comlink": "", 
    "remark": "", 
    "imglink": "", 
    "commands": [
    	{
            "name": "Up", 
            "type": "action", 
            "isVisible": 1, 
            "isHistorized": 0, 
            "configuration": {
                "class": 38, 
                "value": "type=setvalue&value=99", 
                "index": 0, 
                "instance": 1, 
                "minValue": 0, 
                "maxValue": 99
            }, 
            "subtype": "other", 
            "display": {
                "icon": "<i class=\"fas fa-arrow-up\"></i>", 
                "generic_type": "FLAP_UP"
            }
        }, 
        {
            "name": "Down", 
            "type": "action", 
            "isVisible": 1, 
            "isHistorized": 0, 
            "configuration": {
                "class": 38, 
                "value": "type=setvalue&value=0", 
                "index": 0, 
                "instance": 1, 
                "minValue": 0, 
                "maxValue": 99
            }, 
            "subtype": "other", 
            "display": {
                "icon": "<i class=\"fas fa-arrow-down\"></i>", 
                "generic_type": "FLAP_DOWN"
            }
        },  
        {
            "name": "Etat", 
            "type": "info", 
            "isVisible": 1, 
            "isHistorized": 0, 
            "configuration": {
                "class": 38, 
                "value": "", 
                "index": 0, 
                "instance": 1,
                "minValue": 0, 
                "maxValue": 99
            }, 
            "subtype": "numeric", 
            "display": {
                "generic_type": "FLAP_STATE"
            },
            "unite": "%"
        },
        {
            "name": "Positionnement", 
            "type": "action", 
            "isVisible": 1, 
            "isHistorized": 0, 
            "configuration": {
                "class": 38, 
                "value": "type=setvalue&value=#slider#", 
                "index": 0, 
                "instance": 1, 
                "minValue": 0, 
                "maxValue": 99
            }, 
            "value": "Etat", 
            "subtype": "slider", 
            "display": {
                "generic_type": "FLAP_SLIDER"
            }, 
            "template": {
                "dashboard": "store", 
                "mobile": "store"
            }
        },
        {
            "name": "Rafraichir", 
            "type": "action", 
            "isVisible": 0, 
            "isHistorized": 0, 
            "configuration": {
                "class": 38, 
                "value": "type=refreshData", 
                "index": 0, 
                "instance": 1, 
                "minValue": 0, 
                "maxValue": 99
            }, 
            "subtype": "other", 
            "display": {
                "icon": "<i class=\"fa fa-refresh\"></i>", 
                "generic_type": "DONT"
            }
        }, 
        {
            "name": "Stop", 
            "type": "action", 
            "isVisible": 1, 
            "isHistorized": 0, 
            "configuration": {
                "class": 38, 
                "value": "type=buttonaction&action=release", 
                "index": 2, 
                "instance": 1, 
                "minValue": 0, 
                "maxValue": 99
            }, 
            "subtype": "other", 
            "display": {
                "icon": "<i class=\"fa fa-stop\"></i>", 
                "generic_type": "FLAP_STOP"
            }
        }
    ]
}